Criteri;Punteggi;Primo;Secondo;Terzo
A;15;15;12.0;9.0
B;15;15;12.0;9.0
D;9;9;7.2;5.3999999999999995
G;9;9;7.2;5.3999999999999995
E;8;8;6.4;4.8
F;6;6;4.800000000000001;3.5999999999999996
H;5;5;4.0;3.0
C;2;2;1.6;1.2
